[{"model": "app.patient", "pk": 1, "fields": {"name": "김환자"}}, {"model": "app.patient", "pk": 2, "fields": {"name": "이환자"}}, {"model": "app.patient", "pk": 3, "fields": {"name": "박환자"}}, {"model": "app.patient", "pk": 4, "fields": {"name": "최환자"}}, {"model": "app.patient", "pk": 5, "fields": {"name": "정환자"}}, {"model": "app.patient", "pk": 6, "fields": {"name": "조환자"}}, {"model": "app.patient", "pk": 7, "fields": {"name": "장환자"}}, {"model": "app.patient", "pk": 8, "fields": {"name": "임환자"}}, {"model": "app.department", "pk": 1, "fields": {"name": "일반의"}}, {"model": "app.department", "pk": 2, "fields": {"name": "한의학"}}, {"model": "app.department", "pk": 3, "fields": {"name": "정형외과"}}, {"model": "app.department", "pk": 4, "fields": {"name": "내과"}}, {"model": "app.department", "pk": 5, "fields": {"name": "이비인후과"}}, {"model": "app.department", "pk": 6, "fields": {"name": "신경과"}}, {"model": "app.department", "pk": 7, "fields": {"name": "산부인과"}}, {"model": "app.nonreimbursable", "pk": 1, "fields": {"name": "다이어트약"}}, {"model": "app.nonreimbursable", "pk": 2, "fields": {"name": "피부미용"}}, {"model": "app.nonreimbursable", "pk": 3, "fields": {"name": "렌즈비"}}, {"model": "app.doctor", "pk": 1, "fields": {"name": "장진세", "hospital": "개나리병원", "departments": [1, 6], "non_reimbursable": [2]}}, {"model": "app.doctor", "pk": 2, "fields": {"name": "이수랑", "hospital": "민들레병원", "departments": [2, 4], "non_reimbursable": [1]}}, {"model": "app.doctor", "pk": 3, "fields": {"name": "김동신", "hospital": "들국화병원", "departments": [3], "non_reimbursable": []}}, {"model": "app.doctor", "pk": 4, "fields": {"name": "권예슬", "hospital": "진달래병원", "departments": [5], "non_reimbursable": []}}, {"model": "app.doctor", "pk": 5, "fields": {"name": "이현태", "hospital": "개나리병원", "departments": [2], "non_reimbursable": []}}, {"model": "app.doctor", "pk": 6, "fields": {"name": "이정건", "hospital": "들국화병원", "departments": [7], "non_reimbursable": [1, 2]}}, {"model": "app.doctor", "pk": 7, "fields": {"name": "최명권", "hospital": "개나리병원", "departments": [3], "non_reimbursable": []}}, {"model": "app.doctor", "pk": 8, "fields": {"name": "성유지", "hospital": "민들레병원", "departments": [4], "non_reimbursable": [1]}}, {"model": "app.doctor", "pk": 9, "fields": {"name": "정아현", "hospital": "진달래병원", "departments": [2], "non_reimbursable": [1]}}, {"model": "app.doctor", "pk": 10, "fields": {"name": "이진행", "hospital": "진행병원", "departments": [1], "non_reimbursable": [1]}}, {"model": "app.doctor", "pk": 11, "fields": {"name": "조항주", "hospital": "진행병원", "departments": [1, 4, 5], "non_reimbursable": [1, 2]}}, {"model": "app.doctor", "pk": 12, "fields": {"name": "이다인", "hospital": "들국화병원", "departments": [1], "non_reimbursable": []}}, {"model": "app.doctor", "pk": 13, "fields": {"name": "강장호", "hospital": "개나리병원", "departments": [1], "non_reimbursable": []}}, {"model": "app.schedule", "pk": 1, "fields": {"weekday": 0, "opening": "09:00:00", "closing": "12:00:00", "doctor": 13}}, {"model": "app.schedule", "pk": 2, "fields": {"weekday": 0, "opening": "13:00:00", "closing": "19:00:00", "doctor": 13}}, {"model": "app.schedule", "pk": 3, "fields": {"weekday": 1, "opening": "09:00:00", "closing": "12:00:00", "doctor": 13}}, {"model": "app.schedule", "pk": 4, "fields": {"weekday": 1, "opening": "13:00:00", "closing": "19:00:00", "doctor": 13}}, {"model": "app.schedule", "pk": 5, "fields": {"weekday": 2, "opening": "09:00:00", "closing": "12:00:00", "doctor": 13}}, {"model": "app.schedule", "pk": 6, "fields": {"weekday": 2, "opening": "13:00:00", "closing": "19:00:00", "doctor": 13}}, {"model": "app.schedule", "pk": 7, "fields": {"weekday": 3, "opening": "09:00:00", "closing": "12:00:00", "doctor": 13}}, {"model": "app.schedule", "pk": 8, "fields": {"weekday": 3, "opening": "13:00:00", "closing": "19:00:00", "doctor": 13}}, {"model": "app.schedule", "pk": 9, "fields": {"weekday": 4, "opening": "09:00:00", "closing": "12:00:00", "doctor": 13}}, {"model": "app.schedule", "pk": 10, "fields": {"weekday": 4, "opening": "13:00:00", "closing": "19:00:00", "doctor": 13}}, {"model": "app.schedule", "pk": 11, "fields": {"weekday": 5, "opening": "09:00:00", "closing": "13:00:00", "doctor": 13}}, {"model": "app.schedule", "pk": 12, "fields": {"weekday": 0, "opening": "09:00:00", "closing": "12:30:00", "doctor": 1}}, {"model": "app.schedule", "pk": 13, "fields": {"weekday": 0, "opening": "13:30:00", "closing": "19:00:00", "doctor": 1}}, {"model": "app.schedule", "pk": 14, "fields": {"weekday": 1, "opening": "09:00:00", "closing": "12:30:00", "doctor": 1}}, {"model": "app.schedule", "pk": 15, "fields": {"weekday": 1, "opening": "13:30:00", "closing": "19:00:00", "doctor": 1}}, {"model": "app.schedule", "pk": 16, "fields": {"weekday": 2, "opening": "09:00:00", "closing": "12:30:00", "doctor": 1}}, {"model": "app.schedule", "pk": 17, "fields": {"weekday": 2, "opening": "13:30:00", "closing": "19:00:00", "doctor": 1}}, {"model": "app.schedule", "pk": 18, "fields": {"weekday": 3, "opening": "09:00:00", "closing": "12:30:00", "doctor": 1}}, {"model": "app.schedule", "pk": 19, "fields": {"weekday": 3, "opening": "13:30:00", "closing": "19:00:00", "doctor": 1}}, {"model": "app.schedule", "pk": 20, "fields": {"weekday": 4, "opening": "09:00:00", "closing": "12:30:00", "doctor": 1}}, {"model": "app.schedule", "pk": 21, "fields": {"weekday": 4, "opening": "13:30:00", "closing": "19:00:00", "doctor": 1}}, {"model": "app.schedule", "pk": 22, "fields": {"weekday": 5, "opening": "09:00:00", "closing": "12:00:00", "doctor": 1}}, {"model": "app.schedule", "pk": 23, "fields": {"weekday": 5, "opening": "13:00:00", "closing": "16:00:00", "doctor": 1}}, {"model": "app.schedule", "pk": 24, "fields": {"weekday": 6, "opening": "09:00:00", "closing": "11:30:00", "doctor": 1}}, {"model": "app.schedule", "pk": 25, "fields": {"weekday": 0, "opening": "09:00:00", "closing": "12:30:00", "doctor": 2}}, {"model": "app.schedule", "pk": 26, "fields": {"weekday": 0, "opening": "13:30:00", "closing": "18:00:00", "doctor": 2}}, {"model": "app.schedule", "pk": 27, "fields": {"weekday": 1, "opening": "09:00:00", "closing": "12:30:00", "doctor": 2}}, {"model": "app.schedule", "pk": 28, "fields": {"weekday": 1, "opening": "13:30:00", "closing": "18:00:00", "doctor": 2}}, {"model": "app.schedule", "pk": 29, "fields": {"weekday": 2, "opening": "09:00:00", "closing": "12:30:00", "doctor": 2}}, {"model": "app.schedule", "pk": 30, "fields": {"weekday": 2, "opening": "13:30:00", "closing": "18:00:00", "doctor": 2}}, {"model": "app.schedule", "pk": 31, "fields": {"weekday": 3, "opening": "09:00:00", "closing": "12:30:00", "doctor": 2}}, {"model": "app.schedule", "pk": 32, "fields": {"weekday": 3, "opening": "13:30:00", "closing": "18:00:00", "doctor": 2}}, {"model": "app.schedule", "pk": 33, "fields": {"weekday": 4, "opening": "09:00:00", "closing": "12:30:00", "doctor": 2}}, {"model": "app.schedule", "pk": 34, "fields": {"weekday": 4, "opening": "13:30:00", "closing": "18:00:00", "doctor": 2}}, {"model": "app.schedule", "pk": 35, "fields": {"weekday": 0, "opening": "09:00:00", "closing": "11:30:00", "doctor": 3}}, {"model": "app.schedule", "pk": 36, "fields": {"weekday": 0, "opening": "13:00:00", "closing": "18:00:00", "doctor": 3}}, {"model": "app.schedule", "pk": 37, "fields": {"weekday": 1, "opening": "09:00:00", "closing": "11:30:00", "doctor": 3}}, {"model": "app.schedule", "pk": 38, "fields": {"weekday": 1, "opening": "13:00:00", "closing": "18:00:00", "doctor": 3}}, {"model": "app.schedule", "pk": 39, "fields": {"weekday": 2, "opening": "09:00:00", "closing": "11:30:00", "doctor": 3}}, {"model": "app.schedule", "pk": 40, "fields": {"weekday": 2, "opening": "13:00:00", "closing": "18:00:00", "doctor": 3}}, {"model": "app.schedule", "pk": 41, "fields": {"weekday": 3, "opening": "09:00:00", "closing": "11:30:00", "doctor": 3}}, {"model": "app.schedule", "pk": 42, "fields": {"weekday": 3, "opening": "13:00:00", "closing": "18:00:00", "doctor": 3}}, {"model": "app.schedule", "pk": 43, "fields": {"weekday": 4, "opening": "09:00:00", "closing": "11:30:00", "doctor": 3}}, {"model": "app.schedule", "pk": 44, "fields": {"weekday": 4, "opening": "13:00:00", "closing": "18:00:00", "doctor": 3}}, {"model": "app.schedule", "pk": 45, "fields": {"weekday": 1, "opening": "09:00:00", "closing": "11:30:00", "doctor": 4}}, {"model": "app.schedule", "pk": 46, "fields": {"weekday": 1, "opening": "13:00:00", "closing": "18:00:00", "doctor": 4}}, {"model": "app.schedule", "pk": 47, "fields": {"weekday": 2, "opening": "09:00:00", "closing": "11:30:00", "doctor": 4}}, {"model": "app.schedule", "pk": 48, "fields": {"weekday": 2, "opening": "13:00:00", "closing": "18:00:00", "doctor": 4}}, {"model": "app.schedule", "pk": 49, "fields": {"weekday": 3, "opening": "09:00:00", "closing": "11:30:00", "doctor": 4}}, {"model": "app.schedule", "pk": 50, "fields": {"weekday": 3, "opening": "13:00:00", "closing": "18:00:00", "doctor": 4}}, {"model": "app.schedule", "pk": 51, "fields": {"weekday": 4, "opening": "09:00:00", "closing": "11:30:00", "doctor": 4}}, {"model": "app.schedule", "pk": 52, "fields": {"weekday": 4, "opening": "13:00:00", "closing": "18:00:00", "doctor": 4}}, {"model": "app.schedule", "pk": 53, "fields": {"weekday": 1, "opening": "13:00:00", "closing": "19:00:00", "doctor": 5}}, {"model": "app.schedule", "pk": 54, "fields": {"weekday": 2, "opening": "13:00:00", "closing": "19:00:00", "doctor": 5}}, {"model": "app.schedule", "pk": 55, "fields": {"weekday": 3, "opening": "13:00:00", "closing": "19:00:00", "doctor": 5}}, {"model": "app.schedule", "pk": 56, "fields": {"weekday": 4, "opening": "13:00:00", "closing": "19:00:00", "doctor": 5}}, {"model": "app.schedule", "pk": 57, "fields": {"weekday": 0, "opening": "08:00:00", "closing": "13:30:00", "doctor": 12}}, {"model": "app.schedule", "pk": 58, "fields": {"weekday": 1, "opening": "08:00:00", "closing": "13:30:00", "doctor": 12}}, {"model": "app.schedule", "pk": 59, "fields": {"weekday": 2, "opening": "08:00:00", "closing": "13:30:00", "doctor": 12}}, {"model": "app.schedule", "pk": 60, "fields": {"weekday": 3, "opening": "08:00:00", "closing": "13:30:00", "doctor": 12}}, {"model": "app.schedule", "pk": 61, "fields": {"weekday": 4, "opening": "08:00:00", "closing": "13:30:00", "doctor": 12}}, {"model": "app.schedule", "pk": 62, "fields": {"weekday": 5, "opening": "08:00:00", "closing": "13:30:00", "doctor": 12}}, {"model": "app.schedule", "pk": 63, "fields": {"weekday": 0, "opening": "08:00:00", "closing": "13:30:00", "doctor": 11}}, {"model": "app.schedule", "pk": 64, "fields": {"weekday": 1, "opening": "08:00:00", "closing": "13:30:00", "doctor": 11}}, {"model": "app.schedule", "pk": 65, "fields": {"weekday": 2, "opening": "08:00:00", "closing": "13:30:00", "doctor": 11}}, {"model": "app.schedule", "pk": 66, "fields": {"weekday": 3, "opening": "08:00:00", "closing": "13:30:00", "doctor": 11}}, {"model": "app.schedule", "pk": 67, "fields": {"weekday": 4, "opening": "08:00:00", "closing": "13:30:00", "doctor": 11}}, {"model": "app.schedule", "pk": 68, "fields": {"weekday": 5, "opening": "08:00:00", "closing": "13:30:00", "doctor": 11}}, {"model": "app.schedule", "pk": 69, "fields": {"weekday": 0, "opening": "08:00:00", "closing": "13:30:00", "doctor": 6}}, {"model": "app.schedule", "pk": 70, "fields": {"weekday": 1, "opening": "08:00:00", "closing": "13:30:00", "doctor": 6}}, {"model": "app.schedule", "pk": 71, "fields": {"weekday": 2, "opening": "08:00:00", "closing": "13:30:00", "doctor": 6}}, {"model": "app.schedule", "pk": 72, "fields": {"weekday": 3, "opening": "08:00:00", "closing": "13:30:00", "doctor": 6}}, {"model": "app.schedule", "pk": 73, "fields": {"weekday": 4, "opening": "08:00:00", "closing": "13:30:00", "doctor": 6}}, {"model": "app.schedule", "pk": 74, "fields": {"weekday": 5, "opening": "08:00:00", "closing": "13:30:00", "doctor": 6}}, {"model": "app.schedule", "pk": 75, "fields": {"weekday": 0, "opening": "08:00:00", "closing": "13:30:00", "doctor": 7}}, {"model": "app.schedule", "pk": 76, "fields": {"weekday": 1, "opening": "08:00:00", "closing": "13:30:00", "doctor": 7}}, {"model": "app.schedule", "pk": 77, "fields": {"weekday": 2, "opening": "08:00:00", "closing": "13:30:00", "doctor": 7}}, {"model": "app.schedule", "pk": 78, "fields": {"weekday": 3, "opening": "08:00:00", "closing": "13:30:00", "doctor": 7}}, {"model": "app.schedule", "pk": 79, "fields": {"weekday": 4, "opening": "08:00:00", "closing": "13:30:00", "doctor": 7}}, {"model": "app.schedule", "pk": 80, "fields": {"weekday": 5, "opening": "08:00:00", "closing": "13:30:00", "doctor": 7}}, {"model": "app.schedule", "pk": 81, "fields": {"weekday": 0, "opening": "08:00:00", "closing": "13:30:00", "doctor": 8}}, {"model": "app.schedule", "pk": 82, "fields": {"weekday": 1, "opening": "08:00:00", "closing": "13:30:00", "doctor": 8}}, {"model": "app.schedule", "pk": 83, "fields": {"weekday": 2, "opening": "08:00:00", "closing": "13:30:00", "doctor": 8}}, {"model": "app.schedule", "pk": 84, "fields": {"weekday": 3, "opening": "08:00:00", "closing": "13:30:00", "doctor": 8}}, {"model": "app.schedule", "pk": 85, "fields": {"weekday": 4, "opening": "08:00:00", "closing": "13:30:00", "doctor": 8}}, {"model": "app.schedule", "pk": 86, "fields": {"weekday": 5, "opening": "08:00:00", "closing": "13:30:00", "doctor": 8}}, {"model": "app.schedule", "pk": 87, "fields": {"weekday": 0, "opening": "08:00:00", "closing": "13:30:00", "doctor": 9}}, {"model": "app.schedule", "pk": 88, "fields": {"weekday": 1, "opening": "08:00:00", "closing": "13:30:00", "doctor": 9}}, {"model": "app.schedule", "pk": 89, "fields": {"weekday": 2, "opening": "08:00:00", "closing": "13:30:00", "doctor": 9}}, {"model": "app.schedule", "pk": 90, "fields": {"weekday": 3, "opening": "08:00:00", "closing": "13:30:00", "doctor": 9}}, {"model": "app.schedule", "pk": 91, "fields": {"weekday": 4, "opening": "08:00:00", "closing": "13:30:00", "doctor": 9}}, {"model": "app.schedule", "pk": 92, "fields": {"weekday": 5, "opening": "08:00:00", "closing": "13:30:00", "doctor": 9}}, {"model": "app.schedule", "pk": 93, "fields": {"weekday": 0, "opening": "08:00:00", "closing": "13:30:00", "doctor": 10}}, {"model": "app.schedule", "pk": 94, "fields": {"weekday": 1, "opening": "08:00:00", "closing": "13:30:00", "doctor": 10}}, {"model": "app.schedule", "pk": 95, "fields": {"weekday": 2, "opening": "08:00:00", "closing": "13:30:00", "doctor": 10}}, {"model": "app.schedule", "pk": 96, "fields": {"weekday": 3, "opening": "08:00:00", "closing": "13:30:00", "doctor": 10}}, {"model": "app.schedule", "pk": 97, "fields": {"weekday": 4, "opening": "08:00:00", "closing": "13:30:00", "doctor": 10}}, {"model": "app.schedule", "pk": 98, "fields": {"weekday": 5, "opening": "08:00:00", "closing": "13:30:00", "doctor": 10}}, {"model": "app.diagnosis", "pk": 1, "fields": {"doctor": 1, "patient": 1, "desired": "2023-05-04T09:00:52Z", "created_at": "2023-05-05T00:04:12.481Z", "expired_at": "2023-05-04T09:20:52Z", "is_accepted": false}}, {"model": "app.diagnosis", "pk": 2, "fields": {"doctor": 1, "patient": 2, "desired": "2023-05-04T10:00:52Z", "created_at": "2023-05-05T00:09:53.011Z", "expired_at": "2023-05-04T10:20:52Z", "is_accepted": false}}, {"model": "app.diagnosis", "pk": 3, "fields": {"doctor": 1, "patient": 3, "desired": "2023-05-04T08:00:52Z", "created_at": "2023-05-05T00:10:08.340Z", "expired_at": "2023-05-04T08:20:52Z", "is_accepted": false}}, {"model": "app.diagnosis", "pk": 4, "fields": {"doctor": 1, "patient": 4, "desired": "2023-05-04T08:00:52Z", "created_at": "2023-05-05T00:10:31.064Z", "expired_at": "2023-05-04T08:20:52Z", "is_accepted": false}}, {"model": "app.diagnosis", "pk": 5, "fields": {"doctor": 1, "patient": 5, "desired": "2023-05-04T11:00:52Z", "created_at": "2023-05-05T00:14:58.545Z", "expired_at": "2023-05-04T11:20:52Z", "is_accepted": false}}, {"model": "app.diagnosis", "pk": 6, "fields": {"doctor": 1, "patient": 6, "desired": "2023-05-04T11:00:52Z", "created_at": "2023-05-05T00:15:47.075Z", "expired_at": "2023-05-04T11:20:52Z", "is_accepted": false}}, {"model": "app.diagnosis", "pk": 7, "fields": {"doctor": 1, "patient": 6, "desired": "2023-05-05T11:30:52Z", "created_at": "2023-05-05T00:18:14.669Z", "expired_at": "2023-05-05T11:50:52Z", "is_accepted": true}}, {"model": "app.diagnosis", "pk": 8, "fields": {"doctor": 2, "patient": 8, "desired": "2023-05-05T11:30:52Z", "created_at": "2023-05-05T00:31:13.535Z", "expired_at": "2023-05-08T00:15:00Z", "is_accepted": false}}, {"model": "app.diagnosis", "pk": 9, "fields": {"doctor": 2, "patient": 8, "desired": "2023-05-08T04:00:52Z", "created_at": "2023-05-05T00:32:02.717Z", "expired_at": "2023-05-08T04:45:00Z", "is_accepted": false}}, {"model": "app.diagnosis", "pk": 10, "fields": {"doctor": 3, "patient": 1, "desired": "2023-05-08T04:00:52Z", "created_at": "2023-05-05T00:34:22.083Z", "expired_at": "2023-05-08T04:20:52Z", "is_accepted": false}}, {"model": "app.diagnosis", "pk": 11, "fields": {"doctor": 5, "patient": 1, "desired": "2023-05-08T04:00:52Z", "created_at": "2023-05-05T00:51:08.221Z", "expired_at": "2023-05-09T04:15:00Z", "is_accepted": false}}, {"model": "app.diagnosis", "pk": 12, "fields": {"doctor": 5, "patient": 1, "desired": "2023-05-08T04:00:52Z", "created_at": "2023-05-05T00:51:24.253Z", "expired_at": "2023-05-09T04:15:00Z", "is_accepted": false}}, {"model": "app.diagnosis", "pk": 13, "fields": {"doctor": 5, "patient": 2, "desired": "2023-05-08T04:00:52Z", "created_at": "2023-05-05T00:53:19.490Z", "expired_at": "2023-05-09T04:15:00Z", "is_accepted": false}}, {"model": "auth.permission", "pk": 1, "fields": {"name": "Can add log entry", "content_type": 1, "codename": "add_logentry"}}, {"model": "auth.permission", "pk": 2, "fields": {"name": "Can change log entry", "content_type": 1, "codename": "change_logentry"}}, {"model": "auth.permission", "pk": 3, "fields": {"name": "Can delete log entry", "content_type": 1, "codename": "delete_logentry"}}, {"model": "auth.permission", "pk": 4, "fields": {"name": "Can view log entry", "content_type": 1, "codename": "view_logentry"}}, {"model": "auth.permission", "pk": 5, "fields": {"name": "Can add permission", "content_type": 2, "codename": "add_permission"}}, {"model": "auth.permission", "pk": 6, "fields": {"name": "Can change permission", "content_type": 2, "codename": "change_permission"}}, {"model": "auth.permission", "pk": 7, "fields": {"name": "Can delete permission", "content_type": 2, "codename": "delete_permission"}}, {"model": "auth.permission", "pk": 8, "fields": {"name": "Can view permission", "content_type": 2, "codename": "view_permission"}}, {"model": "auth.permission", "pk": 9, "fields": {"name": "Can add group", "content_type": 3, "codename": "add_group"}}, {"model": "auth.permission", "pk": 10, "fields": {"name": "Can change group", "content_type": 3, "codename": "change_group"}}, {"model": "auth.permission", "pk": 11, "fields": {"name": "Can delete group", "content_type": 3, "codename": "delete_group"}}, {"model": "auth.permission", "pk": 12, "fields": {"name": "Can view group", "content_type": 3, "codename": "view_group"}}, {"model": "auth.permission", "pk": 13, "fields": {"name": "Can add user", "content_type": 4, "codename": "add_user"}}, {"model": "auth.permission", "pk": 14, "fields": {"name": "Can change user", "content_type": 4, "codename": "change_user"}}, {"model": "auth.permission", "pk": 15, "fields": {"name": "Can delete user", "content_type": 4, "codename": "delete_user"}}, {"model": "auth.permission", "pk": 16, "fields": {"name": "Can view user", "content_type": 4, "codename": "view_user"}}, {"model": "auth.permission", "pk": 17, "fields": {"name": "Can add content type", "content_type": 5, "codename": "add_contenttype"}}, {"model": "auth.permission", "pk": 18, "fields": {"name": "Can change content type", "content_type": 5, "codename": "change_contenttype"}}, {"model": "auth.permission", "pk": 19, "fields": {"name": "Can delete content type", "content_type": 5, "codename": "delete_contenttype"}}, {"model": "auth.permission", "pk": 20, "fields": {"name": "Can view content type", "content_type": 5, "codename": "view_contenttype"}}, {"model": "auth.permission", "pk": 21, "fields": {"name": "Can add session", "content_type": 6, "codename": "add_session"}}, {"model": "auth.permission", "pk": 22, "fields": {"name": "Can change session", "content_type": 6, "codename": "change_session"}}, {"model": "auth.permission", "pk": 23, "fields": {"name": "Can delete session", "content_type": 6, "codename": "delete_session"}}, {"model": "auth.permission", "pk": 24, "fields": {"name": "Can view session", "content_type": 6, "codename": "view_session"}}, {"model": "auth.permission", "pk": 25, "fields": {"name": "Can add reservation", "content_type": 7, "codename": "add_reservation"}}, {"model": "auth.permission", "pk": 26, "fields": {"name": "Can change reservation", "content_type": 7, "codename": "change_reservation"}}, {"model": "auth.permission", "pk": 27, "fields": {"name": "Can delete reservation", "content_type": 7, "codename": "delete_reservation"}}, {"model": "auth.permission", "pk": 28, "fields": {"name": "Can view reservation", "content_type": 7, "codename": "view_reservation"}}, {"model": "auth.permission", "pk": 29, "fields": {"name": "Can add non reimbursable", "content_type": 8, "codename": "add_nonreimbursable"}}, {"model": "auth.permission", "pk": 30, "fields": {"name": "Can change non reimbursable", "content_type": 8, "codename": "change_nonreimbursable"}}, {"model": "auth.permission", "pk": 31, "fields": {"name": "Can delete non reimbursable", "content_type": 8, "codename": "delete_nonreimbursable"}}, {"model": "auth.permission", "pk": 32, "fields": {"name": "Can view non reimbursable", "content_type": 8, "codename": "view_nonreimbursable"}}, {"model": "auth.permission", "pk": 33, "fields": {"name": "Can add patient", "content_type": 9, "codename": "add_patient"}}, {"model": "auth.permission", "pk": 34, "fields": {"name": "Can change patient", "content_type": 9, "codename": "change_patient"}}, {"model": "auth.permission", "pk": 35, "fields": {"name": "Can delete patient", "content_type": 9, "codename": "delete_patient"}}, {"model": "auth.permission", "pk": 36, "fields": {"name": "Can view patient", "content_type": 9, "codename": "view_patient"}}, {"model": "auth.permission", "pk": 37, "fields": {"name": "Can add schedule", "content_type": 10, "codename": "add_schedule"}}, {"model": "auth.permission", "pk": 38, "fields": {"name": "Can change schedule", "content_type": 10, "codename": "change_schedule"}}, {"model": "auth.permission", "pk": 39, "fields": {"name": "Can delete schedule", "content_type": 10, "codename": "delete_schedule"}}, {"model": "auth.permission", "pk": 40, "fields": {"name": "Can view schedule", "content_type": 10, "codename": "view_schedule"}}, {"model": "auth.permission", "pk": 41, "fields": {"name": "Can add department", "content_type": 11, "codename": "add_department"}}, {"model": "auth.permission", "pk": 42, "fields": {"name": "Can change department", "content_type": 11, "codename": "change_department"}}, {"model": "auth.permission", "pk": 43, "fields": {"name": "Can delete department", "content_type": 11, "codename": "delete_department"}}, {"model": "auth.permission", "pk": 44, "fields": {"name": "Can view department", "content_type": 11, "codename": "view_department"}}, {"model": "auth.permission", "pk": 45, "fields": {"name": "Can add doctor", "content_type": 12, "codename": "add_doctor"}}, {"model": "auth.permission", "pk": 46, "fields": {"name": "Can change doctor", "content_type": 12, "codename": "change_doctor"}}, {"model": "auth.permission", "pk": 47, "fields": {"name": "Can delete doctor", "content_type": 12, "codename": "delete_doctor"}}, {"model": "auth.permission", "pk": 48, "fields": {"name": "Can view doctor", "content_type": 12, "codename": "view_doctor"}}, {"model": "auth.permission", "pk": 49, "fields": {"name": "Can add diagnosis", "content_type": 7, "codename": "add_diagnosis"}}, {"model": "auth.permission", "pk": 50, "fields": {"name": "Can change diagnosis", "content_type": 7, "codename": "change_diagnosis"}}, {"model": "auth.permission", "pk": 51, "fields": {"name": "Can delete diagnosis", "content_type": 7, "codename": "delete_diagnosis"}}, {"model": "auth.permission", "pk": 52, "fields": {"name": "Can view diagnosis", "content_type": 7, "codename": "view_diagnosis"}}, {"model": "contenttypes.contenttype", "pk": 1, "fields": {"app_label": "admin", "model": "logentry"}}, {"model": "contenttypes.contenttype", "pk": 2, "fields": {"app_label": "auth", "model": "permission"}}, {"model": "contenttypes.contenttype", "pk": 3, "fields": {"app_label": "auth", "model": "group"}}, {"model": "contenttypes.contenttype", "pk": 4, "fields": {"app_label": "auth", "model": "user"}}, {"model": "contenttypes.contenttype", "pk": 5, "fields": {"app_label": "contenttypes", "model": "contenttype"}}, {"model": "contenttypes.contenttype", "pk": 6, "fields": {"app_label": "sessions", "model": "session"}}, {"model": "contenttypes.contenttype", "pk": 7, "fields": {"app_label": "app", "model": "diagnosis"}}, {"model": "contenttypes.contenttype", "pk": 8, "fields": {"app_label": "app", "model": "nonreimbursable"}}, {"model": "contenttypes.contenttype", "pk": 9, "fields": {"app_label": "app", "model": "patient"}}, {"model": "contenttypes.contenttype", "pk": 10, "fields": {"app_label": "app", "model": "schedule"}}, {"model": "contenttypes.contenttype", "pk": 11, "fields": {"app_label": "app", "model": "department"}}, {"model": "contenttypes.contenttype", "pk": 12, "fields": {"app_label": "app", "model": "doctor"}}]